{"cameraMode":{"drawMode":0,"name":"Shaded","section":"Shading Mode"},"sceneLighting":true,"audioPlay":false,"sceneViewState":{"showFog":true,"showMaterialUpdate":false,"showSkybox":true,"showFlares":true,"showImageEffects":true,"showParticleSystems":true},"in2DMode":false,"pivot":{"x":56642.16015625,"y":620.96630859375,"z":55669.4375},"rotation":{"x":0.07620260864496231,"y":0.5690836906433106,"z":-0.053077902644872668,"w":0.8170186281204224},"size":14556.849609375,"orthographic":false}